input_id	source_uri_or_access_instructions	version_release	checksum	access_method	smoke_full	workflow_stage	redistribution_status	committed_fixture	fixture_path	source_version_confidence	legacy_input_relationship
glygen_v1_12_1	Obtain the four v1.12.1 CSVs described below	v1.12.1		user_provided	full	workflow_input	not_redistributable	false	N/A	provider_release	documented_successor
glygen_glycan_detail_api	Run the DIG acquisition command from an independent accession snapshot	API snapshot		public_service	full	acquisition_input	not_redistributable	false	N/A	best_available_public_release	inferred_equivalent
glygen_v1_12_1_unicarbkb	Set GLYGEN_UNICARBKB_CSV to the GlyGen v1.12.1 CSV	v1.12.1		user_provided	full	workflow_input	not_redistributable	false	N/A	provider_release	documented_successor
glygen_v1_12_1_harvard	Set GLYGEN_HARVARD_CSV to the GlyGen v1.12.1 CSV	v1.12.1		user_provided	full	workflow_input	not_redistributable	false	N/A	provider_release	documented_successor
glygen_v1_12_1_glyconnect	Set GLYGEN_GLYCONNECT_CSV to the GlyGen v1.12.1 CSV	v1.12.1		user_provided	full	workflow_input	not_redistributable	false	N/A	provider_release	documented_successor
glygen_v1_12_1_masterlist	Set GLYGEN_PROTEIN_MASTERLIST_CSV to the GlyGen v1.12.1 masterlist	v1.12.1		user_provided	full	workflow_input	not_redistributable	false	N/A	provider_release	documented_successor
glygen_accession_snapshot	Set GLYGEN_GLYCAN_ACCESSIONS_TSV to an independent GlyTouCan accession snapshot	API snapshot		user_provided	full	acquisition_input	not_redistributable	false	N/A	best_available_public_release	inferred_equivalent
glygen_api_cache_manifest	Set GLYGEN_API_CACHE_MANIFEST_TSV to a manifest made by the DIG acquisition command	API snapshot		generated	full	workflow_input	not_redistributable	false	N/A	best_available_public_release	inferred_equivalent
glygen_smoke_unicarbkb	Synthetic citation CSV	test-v1	sha256:efd1417fa74eb3d28f26f2f5e423622fd362b39dacd4f8e064f1dd93ab1cdf1d	committed_fixture	smoke	workflow_input	redistributable	true	tests/fixtures/glycosylation_unicarbkb.csv	N/A	N/A
glygen_smoke_harvard	Synthetic citation CSV	test-v1	sha256:ce19a6f338b01ce7691be2c81cc90120c8a4eb2f6adc10976e42dc9d5a73c586	committed_fixture	smoke	workflow_input	redistributable	true	tests/fixtures/glycosylation_harvard.csv	N/A	N/A
glygen_smoke_glyconnect	Synthetic citation CSV	test-v1	sha256:062f02b92b8498593050384965478c2f43eeaa33bc037c992cf243c44cdf71b5	committed_fixture	smoke	workflow_input	redistributable	true	tests/fixtures/glycosylation_glyconnect.csv	N/A	N/A
glygen_smoke_masterlist	Synthetic protein masterlist	test-v1	sha256:ccf5575df8b9c32d4d3e8561d307b072c4dbd956fb8b5228b2bc9c4f5098fd0e	committed_fixture	smoke	workflow_input	redistributable	true	tests/fixtures/human_protein_masterlist.csv	N/A	N/A
glygen_smoke_accessions	Synthetic accession list	test-v1	sha256:ea96fafe17ac5571184c7fdafbaae3beabc4b2c8f7e0139910f996a8b73d50c0	committed_fixture	smoke	acquisition_input	redistributable	true	tests/fixtures/glycan_accessions.tsv	N/A	N/A
glygen_smoke_api_manifest	Synthetic API manifest	test-v1	sha256:edd3d283cf32b93a65259af8748c87ed55dae807e47e2bda1033e4aae8a84a0a	committed_fixture	smoke	workflow_input	redistributable	true	tests/fixtures/glygen_api_manifest.tsv	N/A	N/A
glygen_smoke_api_g00024mo	Synthetic G00024MO response	test-v1	sha256:920a1973169e91ecf10e157d2e44bfc6b3f6d7ac745f83496fed1cf9a5b826dd	committed_fixture	smoke	workflow_input	redistributable	true	tests/fixtures/glygen_api_cache/G00024MO.json	N/A	N/A
glygen_smoke_api_empty	Synthetic empty response	test-v1	sha256:ca3d163bab055381827226140568f3bef7eaac187cebd76878e0b63e9e442356	committed_fixture	smoke	workflow_input	redistributable	true	tests/fixtures/glygen_api_cache/GEMPTY.json	N/A	N/A
