legacy_set_name	regenerated_set_name
Adipose - Subcutaneous Female 60-69 Up	GTEx_Tissues_V8_Consensus_Adipose_Subcutaneous_Female_60-69_up
Muscle - Skeletal Female 60-69 Up	GTEx_Tissues_V8_Consensus_Muscle_Skeletal_Female_60-69_up
Artery - Tibial Female 60-69 Up	GTEx_Tissues_V8_Consensus_Artery_Tibial_Female_60-69_up
Artery - Coronary Female 60-69 Up	GTEx_Tissues_V8_Consensus_Artery_Coronary_Female_60-69_up
Heart - Atrial Appendage Female 60-69 Up	GTEx_Tissues_V8_Consensus_Heart_Atrial_Appendage_Female_60-69_up
Adipose - Visceral (Omentum) Female 60-69 Up	GTEx_Tissues_V8_Consensus_Adipose_Visceral_Omentum_Female_60-69_up
Uterus Female 60-69 Up	GTEx_Tissues_V8_Consensus_Uterus_Female_60-69_up
Vagina Female 60-69 Up	GTEx_Tissues_V8_Consensus_Vagina_Female_60-69_up
Breast - Mammary Tissue Female 60-69 Up	GTEx_Tissues_V8_Consensus_Breast_Mammary_Tissue_Female_60-69_up
Skin - Not Sun Exposed (Suprapubic) Female 60-69 Up	GTEx_Tissues_V8_Consensus_Skin_Not_Sun_Exposed_Suprapubic_Female_60-69_up
Minor Salivary Gland Female 60-69 Up	GTEx_Tissues_V8_Consensus_Minor_Salivary_Gland_Female_60-69_up
Brain - Cortex Female 60-69 Up	GTEx_Tissues_V8_Consensus_Brain_Cortex_Female_60-69_up
Adrenal Gland Male 50-59 Up	GTEx_Tissues_V8_Consensus_Adrenal_Gland_Male_50-59_up
Thyroid Male 50-59 Up	GTEx_Tissues_V8_Consensus_Thyroid_Male_50-59_up
Lung Male 50-59 Up	GTEx_Tissues_V8_Consensus_Lung_Male_50-59_up
Spleen Male 50-59 Up	GTEx_Tissues_V8_Consensus_Spleen_Male_50-59_up
Pancreas Male 50-59 Up	GTEx_Tissues_V8_Consensus_Pancreas_Male_50-59_up
Esophagus - Muscularis Male 50-59 Up	GTEx_Tissues_V8_Consensus_Esophagus_Muscularis_Male_50-59_up
Esophagus - Mucosa Male 50-59 Up	GTEx_Tissues_V8_Consensus_Esophagus_Mucosa_Male_50-59_up
Esophagus - Gastroesophageal Junction Male 50-59 Up	GTEx_Tissues_V8_Consensus_Esophagus_Gastroesophageal_Junction_Male_50-59_up
Stomach Male 50-59 Up	GTEx_Tissues_V8_Consensus_Stomach_Male_50-59_up
Adipose - Visceral (Omentum) Male 50-59 Up	GTEx_Tissues_V8_Consensus_Adipose_Visceral_Omentum_Male_50-59_up
Skin - Not Sun Exposed (Suprapubic) Male 50-59 Up	GTEx_Tissues_V8_Consensus_Skin_Not_Sun_Exposed_Suprapubic_Male_50-59_up
Colon - Sigmoid Male 50-59 Up	GTEx_Tissues_V8_Consensus_Colon_Sigmoid_Male_50-59_up
Small Intestine - Terminal Ileum Male 50-59 Up	GTEx_Tissues_V8_Consensus_Small_Intestine_Terminal_Ileum_Male_50-59_up
Colon - Transverse Male 50-59 Up	GTEx_Tissues_V8_Consensus_Colon_Transverse_Male_50-59_up
Prostate Male 50-59 Up	GTEx_Tissues_V8_Consensus_Prostate_Male_50-59_up
Testis Male 50-59 Up	GTEx_Tissues_V8_Consensus_Testis_Male_50-59_up
Adipose - Subcutaneous Male 50-59 Up	GTEx_Tissues_V8_Consensus_Adipose_Subcutaneous_Male_50-59_up
Muscle - Skeletal Male 50-59 Up	GTEx_Tissues_V8_Consensus_Muscle_Skeletal_Male_50-59_up
Nerve - Tibial Male 50-59 Up	GTEx_Tissues_V8_Consensus_Nerve_Tibial_Male_50-59_up
Skin - Sun Exposed (Lower Leg) Male 60-69 Up	GTEx_Tissues_V8_Consensus_Skin_Sun_Exposed_Lower_leg_Male_60-69_up
Adipose - Subcutaneous Male 60-69 Up	GTEx_Tissues_V8_Consensus_Adipose_Subcutaneous_Male_60-69_up
Muscle - Skeletal Male 60-69 Up	GTEx_Tissues_V8_Consensus_Muscle_Skeletal_Male_60-69_up
Artery - Tibial Male 60-69 Up	GTEx_Tissues_V8_Consensus_Artery_Tibial_Male_60-69_up
Nerve - Tibial Male 60-69 Up	GTEx_Tissues_V8_Consensus_Nerve_Tibial_Male_60-69_up
Heart - Atrial Appendage Male 60-69 Up	GTEx_Tissues_V8_Consensus_Heart_Atrial_Appendage_Male_60-69_up
Heart - Left Ventricle Male 60-69 Up	GTEx_Tissues_V8_Consensus_Heart_Left_Ventricle_Male_60-69_up
Thyroid Male 60-69 Up	GTEx_Tissues_V8_Consensus_Thyroid_Male_60-69_up
Lung Male 60-69 Up	GTEx_Tissues_V8_Consensus_Lung_Male_60-69_up
Spleen Male 60-69 Up	GTEx_Tissues_V8_Consensus_Spleen_Male_60-69_up
Testis Male 60-69 Up	GTEx_Tissues_V8_Consensus_Testis_Male_60-69_up
Prostate Male 60-69 Up	GTEx_Tissues_V8_Consensus_Prostate_Male_60-69_up
Skin - Not Sun Exposed (Suprapubic) Male 60-69 Up	GTEx_Tissues_V8_Consensus_Skin_Not_Sun_Exposed_Suprapubic_Male_60-69_up
Minor Salivary Gland Male 60-69 Up	GTEx_Tissues_V8_Consensus_Minor_Salivary_Gland_Male_60-69_up
Brain - Cortex Male 60-69 Up	GTEx_Tissues_V8_Consensus_Brain_Cortex_Male_60-69_up
Brain - Cerebellum Male 60-69 Up	GTEx_Tissues_V8_Consensus_Brain_Cerebellum_Male_60-69_up
Cells - Cultured Fibroblasts Male 60-69 Up	GTEx_Tissues_V8_Consensus_Cells_Cultured_fibroblasts_Male_60-69_up
Colon - Transverse Male 60-69 Up	GTEx_Tissues_V8_Consensus_Colon_Transverse_Male_60-69_up
Whole Blood Male 60-69 Up	GTEx_Tissues_V8_Consensus_Whole_Blood_Male_60-69_up
Adrenal Gland Male 60-69 Up	GTEx_Tissues_V8_Consensus_Adrenal_Gland_Male_60-69_up
Artery - Aorta Male 60-69 Up	GTEx_Tissues_V8_Consensus_Artery_Aorta_Male_60-69_up
Esophagus - Gastroesophageal Junction Male 60-69 Up	GTEx_Tissues_V8_Consensus_Esophagus_Gastroesophageal_Junction_Male_60-69_up
Esophagus - Mucosa Male 60-69 Up	GTEx_Tissues_V8_Consensus_Esophagus_Mucosa_Male_60-69_up
Esophagus - Muscularis Male 60-69 Up	GTEx_Tissues_V8_Consensus_Esophagus_Muscularis_Male_60-69_up
Stomach Male 60-69 Up	GTEx_Tissues_V8_Consensus_Stomach_Male_60-69_up
Pancreas Male 60-69 Up	GTEx_Tissues_V8_Consensus_Pancreas_Male_60-69_up
Adipose - Visceral (Omentum) Male 60-69 Up	GTEx_Tissues_V8_Consensus_Adipose_Visceral_Omentum_Male_60-69_up
Small Intestine - Terminal Ileum Male 60-69 Up	GTEx_Tissues_V8_Consensus_Small_Intestine_Terminal_Ileum_Male_60-69_up
Colon - Sigmoid Male 60-69 Up	GTEx_Tissues_V8_Consensus_Colon_Sigmoid_Male_60-69_up
Breast - Mammary Tissue Male 60-69 Up	GTEx_Tissues_V8_Consensus_Breast_Mammary_Tissue_Male_60-69_up
Cells - EBV-transformed Lymphocytes Female 60-69 Up	GTEx_Tissues_V8_Consensus_Cells_EBV_transformed_lymphocytes_Female_60-69_up
Whole Blood Female 60-69 Up	GTEx_Tissues_V8_Consensus_Whole_Blood_Female_60-69_up
Cells - Cultured Fibroblasts Female 60-69 Up	GTEx_Tissues_V8_Consensus_Cells_Cultured_fibroblasts_Female_60-69_up
Lung Female 60-69 Up	GTEx_Tissues_V8_Consensus_Lung_Female_60-69_up
Thyroid Female 60-69 Up	GTEx_Tissues_V8_Consensus_Thyroid_Female_60-69_up
Adrenal Gland Female 60-69 Up	GTEx_Tissues_V8_Consensus_Adrenal_Gland_Female_60-69_up
Spleen Female 60-69 Up	GTEx_Tissues_V8_Consensus_Spleen_Female_60-69_up
Pancreas Female 60-69 Up	GTEx_Tissues_V8_Consensus_Pancreas_Female_60-69_up
Heart - Left Ventricle Female 60-69 Up	GTEx_Tissues_V8_Consensus_Heart_Left_Ventricle_Female_60-69_up
Artery - Aorta Female 60-69 Up	GTEx_Tissues_V8_Consensus_Artery_Aorta_Female_60-69_up
Small Intestine - Terminal Ileum Female 60-69 Up	GTEx_Tissues_V8_Consensus_Small_Intestine_Terminal_Ileum_Female_60-69_up
Colon - Sigmoid Female 60-69 Up	GTEx_Tissues_V8_Consensus_Colon_Sigmoid_Female_60-69_up
Colon - Transverse Female 60-69 Up	GTEx_Tissues_V8_Consensus_Colon_Transverse_Female_60-69_up
Esophagus - Muscularis Female 60-69 Up	GTEx_Tissues_V8_Consensus_Esophagus_Muscularis_Female_60-69_up
Esophagus - Mucosa Female 60-69 Up	GTEx_Tissues_V8_Consensus_Esophagus_Mucosa_Female_60-69_up
Esophagus - Gastroesophageal Junction Female 60-69 Up	GTEx_Tissues_V8_Consensus_Esophagus_Gastroesophageal_Junction_Female_60-69_up
Stomach Female 60-69 Up	GTEx_Tissues_V8_Consensus_Stomach_Female_60-69_up
Skin - Sun Exposed (Lower Leg) Female 60-69 Up	GTEx_Tissues_V8_Consensus_Skin_Sun_Exposed_Lower_leg_Female_60-69_up
Pituitary Female 60-69 Up	GTEx_Tissues_V8_Consensus_Pituitary_Female_60-69_up
Brain - Cerebellum Female 60-69 Up	GTEx_Tissues_V8_Consensus_Brain_Cerebellum_Female_60-69_up
Whole Blood Female 50-59 Up	GTEx_Tissues_V8_Consensus_Whole_Blood_Female_50-59_up
Cells - Cultured Fibroblasts Female 50-59 Up	GTEx_Tissues_V8_Consensus_Cells_Cultured_fibroblasts_Female_50-59_up
Thyroid Female 50-59 Up	GTEx_Tissues_V8_Consensus_Thyroid_Female_50-59_up
Adipose - Visceral (Omentum) Female 50-59 Up	GTEx_Tissues_V8_Consensus_Adipose_Visceral_Omentum_Female_50-59_up
Esophagus - Muscularis Female 50-59 Up	GTEx_Tissues_V8_Consensus_Esophagus_Muscularis_Female_50-59_up
Esophagus - Gastroesophageal Junction Female 50-59 Up	GTEx_Tissues_V8_Consensus_Esophagus_Gastroesophageal_Junction_Female_50-59_up
Vagina Female 50-59 Up	GTEx_Tissues_V8_Consensus_Vagina_Female_50-59_up
Uterus Female 50-59 Up	GTEx_Tissues_V8_Consensus_Uterus_Female_50-59_up
Skin - Sun Exposed (Lower Leg) Female 50-59 Up	GTEx_Tissues_V8_Consensus_Skin_Sun_Exposed_Lower_leg_Female_50-59_up
Muscle - Skeletal Female 50-59 Up	GTEx_Tissues_V8_Consensus_Muscle_Skeletal_Female_50-59_up
Pituitary Female 50-59 Up	GTEx_Tissues_V8_Consensus_Pituitary_Female_50-59_up
Pituitary Male 60-69 Up	GTEx_Tissues_V8_Consensus_Pituitary_Male_60-69_up
Whole Blood Male 50-59 Up	GTEx_Tissues_V8_Consensus_Whole_Blood_Male_50-59_up
Cells - Cultured Fibroblasts Male 50-59 Up	GTEx_Tissues_V8_Consensus_Cells_Cultured_fibroblasts_Male_50-59_up
Artery - Aorta Male 50-59 Up	GTEx_Tissues_V8_Consensus_Artery_Aorta_Male_50-59_up
Heart - Left Ventricle Male 50-59 Up	GTEx_Tissues_V8_Consensus_Heart_Left_Ventricle_Male_50-59_up
Heart - Atrial Appendage Male 50-59 Up	GTEx_Tissues_V8_Consensus_Heart_Atrial_Appendage_Male_50-59_up
Skin - Sun Exposed (Lower Leg) Male 50-59 Up	GTEx_Tissues_V8_Consensus_Skin_Sun_Exposed_Lower_leg_Male_50-59_up
Artery - Tibial Male 50-59 Up	GTEx_Tissues_V8_Consensus_Artery_Tibial_Male_50-59_up
Pituitary Male 50-59 Up	GTEx_Tissues_V8_Consensus_Pituitary_Male_50-59_up
Breast - Mammary Tissue Male 50-59 Up	GTEx_Tissues_V8_Consensus_Breast_Mammary_Tissue_Male_50-59_up
Artery - Coronary Male 50-59 Up	GTEx_Tissues_V8_Consensus_Artery_Coronary_Male_50-59_up
Brain - Frontal Cortex (BA9) Male 50-59 Up	GTEx_Tissues_V8_Consensus_Brain_Frontal_Cortex_BA9_Male_50-59_up
Brain - Caudate (Basal Ganglia) Male 50-59 Up	GTEx_Tissues_V8_Consensus_Brain_Caudate_basal_ganglia_Male_50-59_up
Brain - Nucleus Accumbens (Basal Ganglia) Male 50-59 Up	GTEx_Tissues_V8_Consensus_Brain_Nucleus_accumbens_basal_ganglia_Male_50-59_up
Brain - Putamen (Basal Ganglia) Male 50-59 Up	GTEx_Tissues_V8_Consensus_Brain_Putamen_basal_ganglia_Male_50-59_up
Brain - Hypothalamus Male 50-59 Up	GTEx_Tissues_V8_Consensus_Brain_Hypothalamus_Male_50-59_up
Brain - Spinal Cord (Cervical C-1) Male 50-59 Up	GTEx_Tissues_V8_Consensus_Brain_Spinal_cord_cervical_c_1_Male_50-59_up
Minor Salivary Gland Male 50-59 Up	GTEx_Tissues_V8_Consensus_Minor_Salivary_Gland_Male_50-59_up
Brain - Cortex Male 50-59 Up	GTEx_Tissues_V8_Consensus_Brain_Cortex_Male_50-59_up
Brain - Cerebellum Male 50-59 Up	GTEx_Tissues_V8_Consensus_Brain_Cerebellum_Male_50-59_up
Whole Blood Male 40-49 Up	GTEx_Tissues_V8_Consensus_Whole_Blood_Male_40-49_up
Cells - Cultured Fibroblasts Male 40-49 Up	GTEx_Tissues_V8_Consensus_Cells_Cultured_fibroblasts_Male_40-49_up
Brain - Hippocampus Male 40-49 Up	GTEx_Tissues_V8_Consensus_Brain_Hippocampus_Male_40-49_up
Brain - Anterior Cingulate Cortex (BA24) Male 40-49 Up	GTEx_Tissues_V8_Consensus_Brain_Anterior_cingulate_cortex_BA24_Male_40-49_up
Brain - Caudate (Basal Ganglia) Male 40-49 Up	GTEx_Tissues_V8_Consensus_Brain_Caudate_basal_ganglia_Male_40-49_up
Brain - Nucleus Accumbens (Basal Ganglia) Male 40-49 Up	GTEx_Tissues_V8_Consensus_Brain_Nucleus_accumbens_basal_ganglia_Male_40-49_up
Brain - Putamen (Basal Ganglia) Male 40-49 Up	GTEx_Tissues_V8_Consensus_Brain_Putamen_basal_ganglia_Male_40-49_up
Skin - Sun Exposed (Lower Leg) Male 40-49 Up	GTEx_Tissues_V8_Consensus_Skin_Sun_Exposed_Lower_leg_Male_40-49_up
Adipose - Subcutaneous Male 40-49 Up	GTEx_Tissues_V8_Consensus_Adipose_Subcutaneous_Male_40-49_up
Nerve - Tibial Male 40-49 Up	GTEx_Tissues_V8_Consensus_Nerve_Tibial_Male_40-49_up
Artery - Tibial Male 40-49 Up	GTEx_Tissues_V8_Consensus_Artery_Tibial_Male_40-49_up
Breast - Mammary Tissue Male 40-49 Up	GTEx_Tissues_V8_Consensus_Breast_Mammary_Tissue_Male_40-49_up
Muscle - Skeletal Male 40-49 Up	GTEx_Tissues_V8_Consensus_Muscle_Skeletal_Male_40-49_up
Skin - Not Sun Exposed (Suprapubic) Male 40-49 Up	GTEx_Tissues_V8_Consensus_Skin_Not_Sun_Exposed_Suprapubic_Male_40-49_up
Brain - Cerebellum Male 40-49 Up	GTEx_Tissues_V8_Consensus_Brain_Cerebellum_Male_40-49_up
Brain - Cortex Male 40-49 Up	GTEx_Tissues_V8_Consensus_Brain_Cortex_Male_40-49_up
Pituitary Male 40-49 Up	GTEx_Tissues_V8_Consensus_Pituitary_Male_40-49_up
Ovary Female 60-69 Up	GTEx_Tissues_V8_Consensus_Ovary_Female_60-69_up
Nerve - Tibial Female 60-69 Up	GTEx_Tissues_V8_Consensus_Nerve_Tibial_Female_60-69_up
Brain - Frontal Cortex (BA9) Male 60-69 Up	GTEx_Tissues_V8_Consensus_Brain_Frontal_Cortex_BA9_Male_60-69_up
Brain - Cerebellar Hemisphere Male 60-69 Up	GTEx_Tissues_V8_Consensus_Brain_Cerebellar_Hemisphere_Male_60-69_up
Brain - Caudate (Basal Ganglia) Male 60-69 Up	GTEx_Tissues_V8_Consensus_Brain_Caudate_basal_ganglia_Male_60-69_up
Brain - Nucleus Accumbens (Basal Ganglia) Male 60-69 Up	GTEx_Tissues_V8_Consensus_Brain_Nucleus_accumbens_basal_ganglia_Male_60-69_up
Brain - Putamen (Basal Ganglia) Male 60-69 Up	GTEx_Tissues_V8_Consensus_Brain_Putamen_basal_ganglia_Male_60-69_up
Brain - Hypothalamus Male 60-69 Up	GTEx_Tissues_V8_Consensus_Brain_Hypothalamus_Male_60-69_up
Liver Male 60-69 Up	GTEx_Tissues_V8_Consensus_Liver_Male_60-69_up
Artery - Coronary Male 60-69 Up	GTEx_Tissues_V8_Consensus_Artery_Coronary_Male_60-69_up
Liver Male 50-59 Up	GTEx_Tissues_V8_Consensus_Liver_Male_50-59_up
Brain - Cerebellar Hemisphere Male 50-59 Up	GTEx_Tissues_V8_Consensus_Brain_Cerebellar_Hemisphere_Male_50-59_up
Brain - Substantia Nigra Male 50-59 Up	GTEx_Tissues_V8_Consensus_Brain_Substantia_nigra_Male_50-59_up
Brain - Anterior Cingulate Cortex (BA24) Male 50-59 Up	GTEx_Tissues_V8_Consensus_Brain_Anterior_cingulate_cortex_BA24_Male_50-59_up
Brain - Hippocampus Male 60-69 Up	GTEx_Tissues_V8_Consensus_Brain_Hippocampus_Male_60-69_up
Cells - EBV-transformed Lymphocytes Female 20-29 Up	GTEx_Tissues_V8_Consensus_Cells_EBV_transformed_lymphocytes_Female_20-29_up
Whole Blood Female 20-29 Up	GTEx_Tissues_V8_Consensus_Whole_Blood_Female_20-29_up
Thyroid Female 20-29 Up	GTEx_Tissues_V8_Consensus_Thyroid_Female_20-29_up
Artery - Aorta Female 20-29 Up	GTEx_Tissues_V8_Consensus_Artery_Aorta_Female_20-29_up
Adrenal Gland Female 20-29 Up	GTEx_Tissues_V8_Consensus_Adrenal_Gland_Female_20-29_up
Heart - Atrial Appendage Female 20-29 Up	GTEx_Tissues_V8_Consensus_Heart_Atrial_Appendage_Female_20-29_up
Artery - Coronary Female 20-29 Up	GTEx_Tissues_V8_Consensus_Artery_Coronary_Female_20-29_up
Heart - Left Ventricle Female 20-29 Up	GTEx_Tissues_V8_Consensus_Heart_Left_Ventricle_Female_20-29_up
Esophagus - Muscularis Female 20-29 Up	GTEx_Tissues_V8_Consensus_Esophagus_Muscularis_Female_20-29_up
Esophagus - Mucosa Female 20-29 Up	GTEx_Tissues_V8_Consensus_Esophagus_Mucosa_Female_20-29_up
Esophagus - Gastroesophageal Junction Female 20-29 Up	GTEx_Tissues_V8_Consensus_Esophagus_Gastroesophageal_Junction_Female_20-29_up
Stomach Female 20-29 Up	GTEx_Tissues_V8_Consensus_Stomach_Female_20-29_up
Adipose - Visceral (Omentum) Female 20-29 Up	GTEx_Tissues_V8_Consensus_Adipose_Visceral_Omentum_Female_20-29_up
Skin - Not Sun Exposed (Suprapubic) Female 20-29 Up	GTEx_Tissues_V8_Consensus_Skin_Not_Sun_Exposed_Suprapubic_Female_20-29_up
Breast - Mammary Tissue Female 20-29 Up	GTEx_Tissues_V8_Consensus_Breast_Mammary_Tissue_Female_20-29_up
Colon - Transverse Female 20-29 Up	GTEx_Tissues_V8_Consensus_Colon_Transverse_Female_20-29_up
Colon - Sigmoid Female 20-29 Up	GTEx_Tissues_V8_Consensus_Colon_Sigmoid_Female_20-29_up
Ovary Female 20-29 Up	GTEx_Tissues_V8_Consensus_Ovary_Female_20-29_up
Vagina Female 20-29 Up	GTEx_Tissues_V8_Consensus_Vagina_Female_20-29_up
Uterus Female 20-29 Up	GTEx_Tissues_V8_Consensus_Uterus_Female_20-29_up
Muscle - Skeletal Female 20-29 Up	GTEx_Tissues_V8_Consensus_Muscle_Skeletal_Female_20-29_up
Artery - Tibial Female 20-29 Up	GTEx_Tissues_V8_Consensus_Artery_Tibial_Female_20-29_up
Adipose - Subcutaneous Female 20-29 Up	GTEx_Tissues_V8_Consensus_Adipose_Subcutaneous_Female_20-29_up
Skin - Sun Exposed (Lower Leg) Female 20-29 Up	GTEx_Tissues_V8_Consensus_Skin_Sun_Exposed_Lower_leg_Female_20-29_up
Brain - Frontal Cortex (BA9) Female 60-69 Up	GTEx_Tissues_V8_Consensus_Brain_Frontal_Cortex_BA9_Female_60-69_up
Brain - Cerebellar Hemisphere Female 60-69 Up	GTEx_Tissues_V8_Consensus_Brain_Cerebellar_Hemisphere_Female_60-69_up
Brain - Substantia Nigra Female 60-69 Up	GTEx_Tissues_V8_Consensus_Brain_Substantia_nigra_Female_60-69_up
Brain - Hypothalamus Female 60-69 Up	GTEx_Tissues_V8_Consensus_Brain_Hypothalamus_Female_60-69_up
Brain - Spinal Cord (Cervical C-1) Female 60-69 Up	GTEx_Tissues_V8_Consensus_Brain_Spinal_cord_cervical_c_1_Female_60-69_up
Cells - EBV-transformed Lymphocytes Male 30-39 Up	GTEx_Tissues_V8_Consensus_Cells_EBV_transformed_lymphocytes_Male_30-39_up
Whole Blood Male 30-39 Up	GTEx_Tissues_V8_Consensus_Whole_Blood_Male_30-39_up
Cells - Cultured Fibroblasts Male 30-39 Up	GTEx_Tissues_V8_Consensus_Cells_Cultured_fibroblasts_Male_30-39_up
Adrenal Gland Male 30-39 Up	GTEx_Tissues_V8_Consensus_Adrenal_Gland_Male_30-39_up
Lung Male 30-39 Up	GTEx_Tissues_V8_Consensus_Lung_Male_30-39_up
Spleen Male 30-39 Up	GTEx_Tissues_V8_Consensus_Spleen_Male_30-39_up
Liver Male 30-39 Up	GTEx_Tissues_V8_Consensus_Liver_Male_30-39_up
Thyroid Male 30-39 Up	GTEx_Tissues_V8_Consensus_Thyroid_Male_30-39_up
Esophagus - Mucosa Male 30-39 Up	GTEx_Tissues_V8_Consensus_Esophagus_Mucosa_Male_30-39_up
Esophagus - Muscularis Male 30-39 Up	GTEx_Tissues_V8_Consensus_Esophagus_Muscularis_Male_30-39_up
Esophagus - Gastroesophageal Junction Male 30-39 Up	GTEx_Tissues_V8_Consensus_Esophagus_Gastroesophageal_Junction_Male_30-39_up
Pancreas Male 30-39 Up	GTEx_Tissues_V8_Consensus_Pancreas_Male_30-39_up
Adipose - Visceral (Omentum) Male 30-39 Up	GTEx_Tissues_V8_Consensus_Adipose_Visceral_Omentum_Male_30-39_up
Stomach Male 30-39 Up	GTEx_Tissues_V8_Consensus_Stomach_Male_30-39_up
Small Intestine - Terminal Ileum Male 30-39 Up	GTEx_Tissues_V8_Consensus_Small_Intestine_Terminal_Ileum_Male_30-39_up
Colon - Transverse Male 30-39 Up	GTEx_Tissues_V8_Consensus_Colon_Transverse_Male_30-39_up
Colon - Sigmoid Male 30-39 Up	GTEx_Tissues_V8_Consensus_Colon_Sigmoid_Male_30-39_up
Skin - Not Sun Exposed (Suprapubic) Male 30-39 Up	GTEx_Tissues_V8_Consensus_Skin_Not_Sun_Exposed_Suprapubic_Male_30-39_up
Prostate Male 30-39 Up	GTEx_Tissues_V8_Consensus_Prostate_Male_30-39_up
Breast - Mammary Tissue Male 30-39 Up	GTEx_Tissues_V8_Consensus_Breast_Mammary_Tissue_Male_30-39_up
Testis Male 30-39 Up	GTEx_Tissues_V8_Consensus_Testis_Male_30-39_up
Minor Salivary Gland Male 30-39 Up	GTEx_Tissues_V8_Consensus_Minor_Salivary_Gland_Male_30-39_up
Muscle - Skeletal Male 30-39 Up	GTEx_Tissues_V8_Consensus_Muscle_Skeletal_Male_30-39_up
Artery - Tibial Male 30-39 Up	GTEx_Tissues_V8_Consensus_Artery_Tibial_Male_30-39_up
Nerve - Tibial Male 30-39 Up	GTEx_Tissues_V8_Consensus_Nerve_Tibial_Male_30-39_up
Skin - Sun Exposed (Lower Leg) Male 30-39 Up	GTEx_Tissues_V8_Consensus_Skin_Sun_Exposed_Lower_leg_Male_30-39_up
Adipose - Subcutaneous Male 30-39 Up	GTEx_Tissues_V8_Consensus_Adipose_Subcutaneous_Male_30-39_up
Brain - Substantia Nigra Male 60-69 Up	GTEx_Tissues_V8_Consensus_Brain_Substantia_nigra_Male_60-69_up
Kidney - Cortex Male 60-69 Up	GTEx_Tissues_V8_Consensus_Kidney_Cortex_Male_60-69_up
Brain - Anterior Cingulate Cortex (BA24) Male 60-69 Up	GTEx_Tissues_V8_Consensus_Brain_Anterior_cingulate_cortex_BA24_Male_60-69_up
Brain - Hippocampus Female 60-69 Up	GTEx_Tissues_V8_Consensus_Brain_Hippocampus_Female_60-69_up
Brain - Anterior Cingulate Cortex (BA24) Female 60-69 Up	GTEx_Tissues_V8_Consensus_Brain_Anterior_cingulate_cortex_BA24_Female_60-69_up
Brain - Caudate (Basal Ganglia) Female 60-69 Up	GTEx_Tissues_V8_Consensus_Brain_Caudate_basal_ganglia_Female_60-69_up
Brain - Nucleus Accumbens (Basal Ganglia) Female 60-69 Up	GTEx_Tissues_V8_Consensus_Brain_Nucleus_accumbens_basal_ganglia_Female_60-69_up
Brain - Putamen (Basal Ganglia) Female 60-69 Up	GTEx_Tissues_V8_Consensus_Brain_Putamen_basal_ganglia_Female_60-69_up
Liver Female 60-69 Up	GTEx_Tissues_V8_Consensus_Liver_Female_60-69_up
Cells - EBV-transformed Lymphocytes Female 50-59 Up	GTEx_Tissues_V8_Consensus_Cells_EBV_transformed_lymphocytes_Female_50-59_up
Lung Female 50-59 Up	GTEx_Tissues_V8_Consensus_Lung_Female_50-59_up
Pancreas Female 50-59 Up	GTEx_Tissues_V8_Consensus_Pancreas_Female_50-59_up
Artery - Aorta Female 50-59 Up	GTEx_Tissues_V8_Consensus_Artery_Aorta_Female_50-59_up
Heart - Left Ventricle Female 50-59 Up	GTEx_Tissues_V8_Consensus_Heart_Left_Ventricle_Female_50-59_up
Artery - Coronary Female 50-59 Up	GTEx_Tissues_V8_Consensus_Artery_Coronary_Female_50-59_up
Small Intestine - Terminal Ileum Female 50-59 Up	GTEx_Tissues_V8_Consensus_Small_Intestine_Terminal_Ileum_Female_50-59_up
Colon - Transverse Female 50-59 Up	GTEx_Tissues_V8_Consensus_Colon_Transverse_Female_50-59_up
Colon - Sigmoid Female 50-59 Up	GTEx_Tissues_V8_Consensus_Colon_Sigmoid_Female_50-59_up
Esophagus - Mucosa Female 50-59 Up	GTEx_Tissues_V8_Consensus_Esophagus_Mucosa_Female_50-59_up
Stomach Female 50-59 Up	GTEx_Tissues_V8_Consensus_Stomach_Female_50-59_up
Adrenal Gland Female 50-59 Up	GTEx_Tissues_V8_Consensus_Adrenal_Gland_Female_50-59_up
Ovary Female 50-59 Up	GTEx_Tissues_V8_Consensus_Ovary_Female_50-59_up
Breast - Mammary Tissue Female 50-59 Up	GTEx_Tissues_V8_Consensus_Breast_Mammary_Tissue_Female_50-59_up
Artery - Tibial Female 50-59 Up	GTEx_Tissues_V8_Consensus_Artery_Tibial_Female_50-59_up
Adipose - Subcutaneous Female 50-59 Up	GTEx_Tissues_V8_Consensus_Adipose_Subcutaneous_Female_50-59_up
Artery - Aorta Male 30-39 Up	GTEx_Tissues_V8_Consensus_Artery_Aorta_Male_30-39_up
Heart - Atrial Appendage Male 30-39 Up	GTEx_Tissues_V8_Consensus_Heart_Atrial_Appendage_Male_30-39_up
Heart - Left Ventricle Male 30-39 Up	GTEx_Tissues_V8_Consensus_Heart_Left_Ventricle_Male_30-39_up
Cells - Cultured Fibroblasts Male 20-29 Up	GTEx_Tissues_V8_Consensus_Cells_Cultured_fibroblasts_Male_20-29_up
Thyroid Male 20-29 Up	GTEx_Tissues_V8_Consensus_Thyroid_Male_20-29_up
Adrenal Gland Male 20-29 Up	GTEx_Tissues_V8_Consensus_Adrenal_Gland_Male_20-29_up
Lung Male 20-29 Up	GTEx_Tissues_V8_Consensus_Lung_Male_20-29_up
Spleen Male 20-29 Up	GTEx_Tissues_V8_Consensus_Spleen_Male_20-29_up
Pancreas Male 20-29 Up	GTEx_Tissues_V8_Consensus_Pancreas_Male_20-29_up
Skin - Not Sun Exposed (Suprapubic) Male 20-29 Up	GTEx_Tissues_V8_Consensus_Skin_Not_Sun_Exposed_Suprapubic_Male_20-29_up
Prostate Male 20-29 Up	GTEx_Tissues_V8_Consensus_Prostate_Male_20-29_up
Breast - Mammary Tissue Male 20-29 Up	GTEx_Tissues_V8_Consensus_Breast_Mammary_Tissue_Male_20-29_up
Testis Male 20-29 Up	GTEx_Tissues_V8_Consensus_Testis_Male_20-29_up
Esophagus - Mucosa Male 20-29 Up	GTEx_Tissues_V8_Consensus_Esophagus_Mucosa_Male_20-29_up
Esophagus - Muscularis Male 20-29 Up	GTEx_Tissues_V8_Consensus_Esophagus_Muscularis_Male_20-29_up
Stomach Male 20-29 Up	GTEx_Tissues_V8_Consensus_Stomach_Male_20-29_up
Colon - Transverse Male 20-29 Up	GTEx_Tissues_V8_Consensus_Colon_Transverse_Male_20-29_up
Small Intestine - Terminal Ileum Male 20-29 Up	GTEx_Tissues_V8_Consensus_Small_Intestine_Terminal_Ileum_Male_20-29_up
Nerve - Tibial Male 20-29 Up	GTEx_Tissues_V8_Consensus_Nerve_Tibial_Male_20-29_up
Muscle - Skeletal Male 20-29 Up	GTEx_Tissues_V8_Consensus_Muscle_Skeletal_Male_20-29_up
Skin - Sun Exposed (Lower Leg) Male 20-29 Up	GTEx_Tissues_V8_Consensus_Skin_Sun_Exposed_Lower_leg_Male_20-29_up
Brain - Amygdala Male 50-59 Up	GTEx_Tissues_V8_Consensus_Brain_Amygdala_Male_50-59_up
Testis Male 40-49 Up	GTEx_Tissues_V8_Consensus_Testis_Male_40-49_up
Heart - Atrial Appendage Male 40-49 Up	GTEx_Tissues_V8_Consensus_Heart_Atrial_Appendage_Male_40-49_up
Heart - Left Ventricle Male 40-49 Up	GTEx_Tissues_V8_Consensus_Heart_Left_Ventricle_Male_40-49_up
Lung Male 40-49 Up	GTEx_Tissues_V8_Consensus_Lung_Male_40-49_up
Esophagus - Muscularis Male 40-49 Up	GTEx_Tissues_V8_Consensus_Esophagus_Muscularis_Male_40-49_up
Esophagus - Gastroesophageal Junction Male 40-49 Up	GTEx_Tissues_V8_Consensus_Esophagus_Gastroesophageal_Junction_Male_40-49_up
Colon - Transverse Male 40-49 Up	GTEx_Tissues_V8_Consensus_Colon_Transverse_Male_40-49_up
Thyroid Male 40-49 Up	GTEx_Tissues_V8_Consensus_Thyroid_Male_40-49_up
Prostate Male 40-49 Up	GTEx_Tissues_V8_Consensus_Prostate_Male_40-49_up
Cells - EBV-transformed Lymphocytes Male 60-69 Up	GTEx_Tissues_V8_Consensus_Cells_EBV_transformed_lymphocytes_Male_60-69_up
Brain - Amygdala Male 60-69 Up	GTEx_Tissues_V8_Consensus_Brain_Amygdala_Male_60-69_up
Brain - Spinal Cord (Cervical C-1) Male 60-69 Up	GTEx_Tissues_V8_Consensus_Brain_Spinal_cord_cervical_c_1_Male_60-69_up
Whole Blood Female 30-39 Up	GTEx_Tissues_V8_Consensus_Whole_Blood_Female_30-39_up
Cells - Cultured Fibroblasts Female 30-39 Up	GTEx_Tissues_V8_Consensus_Cells_Cultured_fibroblasts_Female_30-39_up
Thyroid Female 30-39 Up	GTEx_Tissues_V8_Consensus_Thyroid_Female_30-39_up
Lung Female 30-39 Up	GTEx_Tissues_V8_Consensus_Lung_Female_30-39_up
Artery - Aorta Female 30-39 Up	GTEx_Tissues_V8_Consensus_Artery_Aorta_Female_30-39_up
Heart - Atrial Appendage Female 30-39 Up	GTEx_Tissues_V8_Consensus_Heart_Atrial_Appendage_Female_30-39_up
Adipose - Visceral (Omentum) Female 30-39 Up	GTEx_Tissues_V8_Consensus_Adipose_Visceral_Omentum_Female_30-39_up
Esophagus - Mucosa Female 30-39 Up	GTEx_Tissues_V8_Consensus_Esophagus_Mucosa_Female_30-39_up
Esophagus - Muscularis Female 30-39 Up	GTEx_Tissues_V8_Consensus_Esophagus_Muscularis_Female_30-39_up
Esophagus - Gastroesophageal Junction Female 30-39 Up	GTEx_Tissues_V8_Consensus_Esophagus_Gastroesophageal_Junction_Female_30-39_up
Colon - Transverse Female 30-39 Up	GTEx_Tissues_V8_Consensus_Colon_Transverse_Female_30-39_up
Spleen Female 30-39 Up	GTEx_Tissues_V8_Consensus_Spleen_Female_30-39_up
Colon - Sigmoid Female 30-39 Up	GTEx_Tissues_V8_Consensus_Colon_Sigmoid_Female_30-39_up
Ovary Female 30-39 Up	GTEx_Tissues_V8_Consensus_Ovary_Female_30-39_up
Uterus Female 30-39 Up	GTEx_Tissues_V8_Consensus_Uterus_Female_30-39_up
Breast - Mammary Tissue Female 30-39 Up	GTEx_Tissues_V8_Consensus_Breast_Mammary_Tissue_Female_30-39_up
Minor Salivary Gland Female 30-39 Up	GTEx_Tissues_V8_Consensus_Minor_Salivary_Gland_Female_30-39_up
Vagina Female 30-39 Up	GTEx_Tissues_V8_Consensus_Vagina_Female_30-39_up
Skin - Not Sun Exposed (Suprapubic) Female 30-39 Up	GTEx_Tissues_V8_Consensus_Skin_Not_Sun_Exposed_Suprapubic_Female_30-39_up
Skin - Sun Exposed (Lower Leg) Female 30-39 Up	GTEx_Tissues_V8_Consensus_Skin_Sun_Exposed_Lower_leg_Female_30-39_up
Adipose - Subcutaneous Female 30-39 Up	GTEx_Tissues_V8_Consensus_Adipose_Subcutaneous_Female_30-39_up
Muscle - Skeletal Female 30-39 Up	GTEx_Tissues_V8_Consensus_Muscle_Skeletal_Female_30-39_up
Nerve - Tibial Female 30-39 Up	GTEx_Tissues_V8_Consensus_Nerve_Tibial_Female_30-39_up
Artery - Tibial Female 30-39 Up	GTEx_Tissues_V8_Consensus_Artery_Tibial_Female_30-39_up
Whole Blood Male 20-29 Up	GTEx_Tissues_V8_Consensus_Whole_Blood_Male_20-29_up
Artery - Aorta Male 20-29 Up	GTEx_Tissues_V8_Consensus_Artery_Aorta_Male_20-29_up
Adipose - Visceral (Omentum) Male 20-29 Up	GTEx_Tissues_V8_Consensus_Adipose_Visceral_Omentum_Male_20-29_up
Esophagus - Gastroesophageal Junction Male 20-29 Up	GTEx_Tissues_V8_Consensus_Esophagus_Gastroesophageal_Junction_Male_20-29_up
Minor Salivary Gland Male 20-29 Up	GTEx_Tissues_V8_Consensus_Minor_Salivary_Gland_Male_20-29_up
Adipose - Subcutaneous Male 20-29 Up	GTEx_Tissues_V8_Consensus_Adipose_Subcutaneous_Male_20-29_up
Cells - EBV-transformed Lymphocytes Male 20-29 Up	GTEx_Tissues_V8_Consensus_Cells_EBV_transformed_lymphocytes_Male_20-29_up
Colon - Sigmoid Male 20-29 Up	GTEx_Tissues_V8_Consensus_Colon_Sigmoid_Male_20-29_up
Heart - Left Ventricle Male 20-29 Up	GTEx_Tissues_V8_Consensus_Heart_Left_Ventricle_Male_20-29_up
Heart - Atrial Appendage Male 20-29 Up	GTEx_Tissues_V8_Consensus_Heart_Atrial_Appendage_Male_20-29_up
Artery - Coronary Male 20-29 Up	GTEx_Tissues_V8_Consensus_Artery_Coronary_Male_20-29_up
Liver Male 20-29 Up	GTEx_Tissues_V8_Consensus_Liver_Male_20-29_up
Artery - Tibial Male 20-29 Up	GTEx_Tissues_V8_Consensus_Artery_Tibial_Male_20-29_up
Brain - Amygdala Female 60-69 Up	GTEx_Tissues_V8_Consensus_Brain_Amygdala_Female_60-69_up
Kidney - Cortex Female 60-69 Up	GTEx_Tissues_V8_Consensus_Kidney_Cortex_Female_60-69_up
Cells - Cultured Fibroblasts Female 40-49 Up	GTEx_Tissues_V8_Consensus_Cells_Cultured_fibroblasts_Female_40-49_up
Brain - Hippocampus Female 40-49 Up	GTEx_Tissues_V8_Consensus_Brain_Hippocampus_Female_40-49_up
Brain - Substantia Nigra Female 40-49 Up	GTEx_Tissues_V8_Consensus_Brain_Substantia_nigra_Female_40-49_up
Brain - Anterior Cingulate Cortex (BA24) Female 40-49 Up	GTEx_Tissues_V8_Consensus_Brain_Anterior_cingulate_cortex_BA24_Female_40-49_up
Brain - Caudate (Basal Ganglia) Female 40-49 Up	GTEx_Tissues_V8_Consensus_Brain_Caudate_basal_ganglia_Female_40-49_up
Skin - Sun Exposed (Lower Leg) Female 40-49 Up	GTEx_Tissues_V8_Consensus_Skin_Sun_Exposed_Lower_leg_Female_40-49_up
Adipose - Subcutaneous Female 40-49 Up	GTEx_Tissues_V8_Consensus_Adipose_Subcutaneous_Female_40-49_up
Muscle - Skeletal Female 40-49 Up	GTEx_Tissues_V8_Consensus_Muscle_Skeletal_Female_40-49_up
Cells - EBV-transformed Lymphocytes Female 40-49 Up	GTEx_Tissues_V8_Consensus_Cells_EBV_transformed_lymphocytes_Female_40-49_up
Whole Blood Female 40-49 Up	GTEx_Tissues_V8_Consensus_Whole_Blood_Female_40-49_up
Spleen Female 40-49 Up	GTEx_Tissues_V8_Consensus_Spleen_Female_40-49_up
Thyroid Female 40-49 Up	GTEx_Tissues_V8_Consensus_Thyroid_Female_40-49_up
Stomach Female 40-49 Up	GTEx_Tissues_V8_Consensus_Stomach_Female_40-49_up
Pancreas Female 40-49 Up	GTEx_Tissues_V8_Consensus_Pancreas_Female_40-49_up
Esophagus - Mucosa Female 40-49 Up	GTEx_Tissues_V8_Consensus_Esophagus_Mucosa_Female_40-49_up
Esophagus - Muscularis Female 40-49 Up	GTEx_Tissues_V8_Consensus_Esophagus_Muscularis_Female_40-49_up
Vagina Female 40-49 Up	GTEx_Tissues_V8_Consensus_Vagina_Female_40-49_up
Esophagus - Gastroesophageal Junction Female 40-49 Up	GTEx_Tissues_V8_Consensus_Esophagus_Gastroesophageal_Junction_Female_40-49_up
Ovary Female 40-49 Up	GTEx_Tissues_V8_Consensus_Ovary_Female_40-49_up
Skin - Not Sun Exposed (Suprapubic) Female 40-49 Up	GTEx_Tissues_V8_Consensus_Skin_Not_Sun_Exposed_Suprapubic_Female_40-49_up
Adipose - Visceral (Omentum) Female 40-49 Up	GTEx_Tissues_V8_Consensus_Adipose_Visceral_Omentum_Female_40-49_up
Colon - Sigmoid Female 40-49 Up	GTEx_Tissues_V8_Consensus_Colon_Sigmoid_Female_40-49_up
Colon - Transverse Female 40-49 Up	GTEx_Tissues_V8_Consensus_Colon_Transverse_Female_40-49_up
Small Intestine - Terminal Ileum Female 40-49 Up	GTEx_Tissues_V8_Consensus_Small_Intestine_Terminal_Ileum_Female_40-49_up
Artery - Tibial Female 40-49 Up	GTEx_Tissues_V8_Consensus_Artery_Tibial_Female_40-49_up
Nerve - Tibial Female 40-49 Up	GTEx_Tissues_V8_Consensus_Nerve_Tibial_Female_40-49_up
Adrenal Gland Female 40-49 Up	GTEx_Tissues_V8_Consensus_Adrenal_Gland_Female_40-49_up
Brain - Cerebellar Hemisphere Male 30-39 Up	GTEx_Tissues_V8_Consensus_Brain_Cerebellar_Hemisphere_Male_30-39_up
Brain - Hypothalamus Male 30-39 Up	GTEx_Tissues_V8_Consensus_Brain_Hypothalamus_Male_30-39_up
Artery - Coronary Male 30-39 Up	GTEx_Tissues_V8_Consensus_Artery_Coronary_Male_30-39_up
Brain - Cerebellum Male 30-39 Up	GTEx_Tissues_V8_Consensus_Brain_Cerebellum_Male_30-39_up
Brain - Cortex Male 30-39 Up	GTEx_Tissues_V8_Consensus_Brain_Cortex_Male_30-39_up
Pituitary Male 30-39 Up	GTEx_Tissues_V8_Consensus_Pituitary_Male_30-39_up
Brain - Hippocampus Female 50-59 Up	GTEx_Tissues_V8_Consensus_Brain_Hippocampus_Female_50-59_up
Brain - Anterior Cingulate Cortex (BA24) Female 50-59 Up	GTEx_Tissues_V8_Consensus_Brain_Anterior_cingulate_cortex_BA24_Female_50-59_up
Brain - Amygdala Female 50-59 Up	GTEx_Tissues_V8_Consensus_Brain_Amygdala_Female_50-59_up
Brain - Spinal Cord (Cervical C-1) Female 50-59 Up	GTEx_Tissues_V8_Consensus_Brain_Spinal_cord_cervical_c_1_Female_50-59_up
Heart - Atrial Appendage Female 50-59 Up	GTEx_Tissues_V8_Consensus_Heart_Atrial_Appendage_Female_50-59_up
Liver Female 50-59 Up	GTEx_Tissues_V8_Consensus_Liver_Female_50-59_up
Nerve - Tibial Female 50-59 Up	GTEx_Tissues_V8_Consensus_Nerve_Tibial_Female_50-59_up
Brain - Cerebellum Female 50-59 Up	GTEx_Tissues_V8_Consensus_Brain_Cerebellum_Female_50-59_up
Brain - Frontal Cortex (BA9) Male 20-29 Up	GTEx_Tissues_V8_Consensus_Brain_Frontal_Cortex_BA9_Male_20-29_up
Brain - Cerebellar Hemisphere Male 20-29 Up	GTEx_Tissues_V8_Consensus_Brain_Cerebellar_Hemisphere_Male_20-29_up
Brain - Spinal Cord (Cervical C-1) Male 20-29 Up	GTEx_Tissues_V8_Consensus_Brain_Spinal_cord_cervical_c_1_Male_20-29_up
Brain - Cerebellum Male 20-29 Up	GTEx_Tissues_V8_Consensus_Brain_Cerebellum_Male_20-29_up
Brain - Cortex Male 20-29 Up	GTEx_Tissues_V8_Consensus_Brain_Cortex_Male_20-29_up
Pituitary Male 20-29 Up	GTEx_Tissues_V8_Consensus_Pituitary_Male_20-29_up
Adipose - Visceral (Omentum) Male 40-49 Up	GTEx_Tissues_V8_Consensus_Adipose_Visceral_Omentum_Male_40-49_up
Brain - Hippocampus Male 20-29 Up	GTEx_Tissues_V8_Consensus_Brain_Hippocampus_Male_20-29_up
Brain - Nucleus Accumbens (Basal Ganglia) Male 20-29 Up	GTEx_Tissues_V8_Consensus_Brain_Nucleus_accumbens_basal_ganglia_Male_20-29_up
Brain - Putamen (Basal Ganglia) Male 20-29 Up	GTEx_Tissues_V8_Consensus_Brain_Putamen_basal_ganglia_Male_20-29_up
Whole Blood Male 70-79 Up	GTEx_Tissues_V8_Consensus_Whole_Blood_Male_70-79_up
Cells - Cultured Fibroblasts Male 70-79 Up	GTEx_Tissues_V8_Consensus_Cells_Cultured_fibroblasts_Male_70-79_up
Brain - Frontal Cortex (BA9) Male 70-79 Up	GTEx_Tissues_V8_Consensus_Brain_Frontal_Cortex_BA9_Male_70-79_up
Brain - Cerebellar Hemisphere Male 70-79 Up	GTEx_Tissues_V8_Consensus_Brain_Cerebellar_Hemisphere_Male_70-79_up
Brain - Hippocampus Male 70-79 Up	GTEx_Tissues_V8_Consensus_Brain_Hippocampus_Male_70-79_up
Brain - Substantia Nigra Male 70-79 Up	GTEx_Tissues_V8_Consensus_Brain_Substantia_nigra_Male_70-79_up
Brain - Anterior Cingulate Cortex (BA24) Male 70-79 Up	GTEx_Tissues_V8_Consensus_Brain_Anterior_cingulate_cortex_BA24_Male_70-79_up
Brain - Amygdala Male 70-79 Up	GTEx_Tissues_V8_Consensus_Brain_Amygdala_Male_70-79_up
Brain - Caudate (Basal Ganglia) Male 70-79 Up	GTEx_Tissues_V8_Consensus_Brain_Caudate_basal_ganglia_Male_70-79_up
Brain - Nucleus Accumbens (Basal Ganglia) Male 70-79 Up	GTEx_Tissues_V8_Consensus_Brain_Nucleus_accumbens_basal_ganglia_Male_70-79_up
Brain - Putamen (Basal Ganglia) Male 70-79 Up	GTEx_Tissues_V8_Consensus_Brain_Putamen_basal_ganglia_Male_70-79_up
Nerve - Tibial Male 70-79 Up	GTEx_Tissues_V8_Consensus_Nerve_Tibial_Male_70-79_up
Muscle - Skeletal Male 70-79 Up	GTEx_Tissues_V8_Consensus_Muscle_Skeletal_Male_70-79_up
Adipose - Visceral (Omentum) Male 70-79 Up	GTEx_Tissues_V8_Consensus_Adipose_Visceral_Omentum_Male_70-79_up
Skin - Not Sun Exposed (Suprapubic) Male 70-79 Up	GTEx_Tissues_V8_Consensus_Skin_Not_Sun_Exposed_Suprapubic_Male_70-79_up
Pituitary Male 70-79 Up	GTEx_Tissues_V8_Consensus_Pituitary_Male_70-79_up
Brain - Cortex Male 70-79 Up	GTEx_Tissues_V8_Consensus_Brain_Cortex_Male_70-79_up
Kidney - Cortex Female 50-59 Up	GTEx_Tissues_V8_Consensus_Kidney_Cortex_Female_50-59_up
Spleen Female 50-59 Up	GTEx_Tissues_V8_Consensus_Spleen_Female_50-59_up
Brain - Hippocampus Male 50-59 Up	GTEx_Tissues_V8_Consensus_Brain_Hippocampus_Male_50-59_up
Lung Female 40-49 Up	GTEx_Tissues_V8_Consensus_Lung_Female_40-49_up
Artery - Aorta Female 40-49 Up	GTEx_Tissues_V8_Consensus_Artery_Aorta_Female_40-49_up
Heart - Atrial Appendage Female 40-49 Up	GTEx_Tissues_V8_Consensus_Heart_Atrial_Appendage_Female_40-49_up
Heart - Left Ventricle Female 40-49 Up	GTEx_Tissues_V8_Consensus_Heart_Left_Ventricle_Female_40-49_up
Artery - Coronary Female 40-49 Up	GTEx_Tissues_V8_Consensus_Artery_Coronary_Female_40-49_up
Uterus Female 40-49 Up	GTEx_Tissues_V8_Consensus_Uterus_Female_40-49_up
Breast - Mammary Tissue Female 40-49 Up	GTEx_Tissues_V8_Consensus_Breast_Mammary_Tissue_Female_40-49_up
Cells - EBV-transformed Lymphocytes Male 50-59 Up	GTEx_Tissues_V8_Consensus_Cells_EBV_transformed_lymphocytes_Male_50-59_up
Cells - EBV-transformed Lymphocytes Male 40-49 Up	GTEx_Tissues_V8_Consensus_Cells_EBV_transformed_lymphocytes_Male_40-49_up
Spleen Male 40-49 Up	GTEx_Tissues_V8_Consensus_Spleen_Male_40-49_up
Artery - Aorta Male 40-49 Up	GTEx_Tissues_V8_Consensus_Artery_Aorta_Male_40-49_up
Pancreas Male 40-49 Up	GTEx_Tissues_V8_Consensus_Pancreas_Male_40-49_up
Adrenal Gland Male 40-49 Up	GTEx_Tissues_V8_Consensus_Adrenal_Gland_Male_40-49_up
Minor Salivary Gland Male 40-49 Up	GTEx_Tissues_V8_Consensus_Minor_Salivary_Gland_Male_40-49_up
Esophagus - Mucosa Male 40-49 Up	GTEx_Tissues_V8_Consensus_Esophagus_Mucosa_Male_40-49_up
Brain - Frontal Cortex (BA9) Female 40-49 Up	GTEx_Tissues_V8_Consensus_Brain_Frontal_Cortex_BA9_Female_40-49_up
Brain - Cerebellar Hemisphere Female 40-49 Up	GTEx_Tissues_V8_Consensus_Brain_Cerebellar_Hemisphere_Female_40-49_up
Brain - Nucleus Accumbens (Basal Ganglia) Female 40-49 Up	GTEx_Tissues_V8_Consensus_Brain_Nucleus_accumbens_basal_ganglia_Female_40-49_up
Brain - Putamen (Basal Ganglia) Female 40-49 Up	GTEx_Tissues_V8_Consensus_Brain_Putamen_basal_ganglia_Female_40-49_up
Brain - Hypothalamus Female 40-49 Up	GTEx_Tissues_V8_Consensus_Brain_Hypothalamus_Female_40-49_up
Brain - Cerebellum Female 40-49 Up	GTEx_Tissues_V8_Consensus_Brain_Cerebellum_Female_40-49_up
Brain - Cortex Female 40-49 Up	GTEx_Tissues_V8_Consensus_Brain_Cortex_Female_40-49_up
Pituitary Female 40-49 Up	GTEx_Tissues_V8_Consensus_Pituitary_Female_40-49_up
Kidney - Cortex Male 50-59 Up	GTEx_Tissues_V8_Consensus_Kidney_Cortex_Male_50-59_up
Brain - Frontal Cortex (BA9) Female 50-59 Up	GTEx_Tissues_V8_Consensus_Brain_Frontal_Cortex_BA9_Female_50-59_up
Brain - Cerebellar Hemisphere Female 50-59 Up	GTEx_Tissues_V8_Consensus_Brain_Cerebellar_Hemisphere_Female_50-59_up
Brain - Substantia Nigra Female 50-59 Up	GTEx_Tissues_V8_Consensus_Brain_Substantia_nigra_Female_50-59_up
Brain - Caudate (Basal Ganglia) Female 50-59 Up	GTEx_Tissues_V8_Consensus_Brain_Caudate_basal_ganglia_Female_50-59_up
Brain - Nucleus Accumbens (Basal Ganglia) Female 50-59 Up	GTEx_Tissues_V8_Consensus_Brain_Nucleus_accumbens_basal_ganglia_Female_50-59_up
Brain - Putamen (Basal Ganglia) Female 50-59 Up	GTEx_Tissues_V8_Consensus_Brain_Putamen_basal_ganglia_Female_50-59_up
Brain - Hypothalamus Female 50-59 Up	GTEx_Tissues_V8_Consensus_Brain_Hypothalamus_Female_50-59_up
Skin - Not Sun Exposed (Suprapubic) Female 50-59 Up	GTEx_Tissues_V8_Consensus_Skin_Not_Sun_Exposed_Suprapubic_Female_50-59_up
Brain - Cortex Female 50-59 Up	GTEx_Tissues_V8_Consensus_Brain_Cortex_Female_50-59_up
Stomach Male 40-49 Up	GTEx_Tissues_V8_Consensus_Stomach_Male_40-49_up
Colon - Sigmoid Male 40-49 Up	GTEx_Tissues_V8_Consensus_Colon_Sigmoid_Male_40-49_up
Cells - Cultured Fibroblasts Female 20-29 Up	GTEx_Tissues_V8_Consensus_Cells_Cultured_fibroblasts_Female_20-29_up
Lung Female 20-29 Up	GTEx_Tissues_V8_Consensus_Lung_Female_20-29_up
Small Intestine - Terminal Ileum Female 20-29 Up	GTEx_Tissues_V8_Consensus_Small_Intestine_Terminal_Ileum_Female_20-29_up
Nerve - Tibial Female 20-29 Up	GTEx_Tissues_V8_Consensus_Nerve_Tibial_Female_20-29_up
Pancreas Female 30-39 Up	GTEx_Tissues_V8_Consensus_Pancreas_Female_30-39_up
Adrenal Gland Female 30-39 Up	GTEx_Tissues_V8_Consensus_Adrenal_Gland_Female_30-39_up
Artery - Coronary Female 30-39 Up	GTEx_Tissues_V8_Consensus_Artery_Coronary_Female_30-39_up
Heart - Left Ventricle Female 30-39 Up	GTEx_Tissues_V8_Consensus_Heart_Left_Ventricle_Female_30-39_up
Stomach Female 30-39 Up	GTEx_Tissues_V8_Consensus_Stomach_Female_30-39_up
Small Intestine - Terminal Ileum Female 30-39 Up	GTEx_Tissues_V8_Consensus_Small_Intestine_Terminal_Ileum_Female_30-39_up
Artery - Coronary Male 40-49 Up	GTEx_Tissues_V8_Consensus_Artery_Coronary_Male_40-49_up
Liver Male 40-49 Up	GTEx_Tissues_V8_Consensus_Liver_Male_40-49_up
Small Intestine - Terminal Ileum Male 40-49 Up	GTEx_Tissues_V8_Consensus_Small_Intestine_Terminal_Ileum_Male_40-49_up
Pancreas Female 20-29 Up	GTEx_Tissues_V8_Consensus_Pancreas_Female_20-29_up
Brain - Spinal Cord (Cervical C-1) Female 40-49 Up	GTEx_Tissues_V8_Consensus_Brain_Spinal_cord_cervical_c_1_Female_40-49_up
Brain - Hypothalamus Male 70-79 Up	GTEx_Tissues_V8_Consensus_Brain_Hypothalamus_Male_70-79_up
Skin - Sun Exposed (Lower Leg) Male 70-79 Up	GTEx_Tissues_V8_Consensus_Skin_Sun_Exposed_Lower_leg_Male_70-79_up
Adipose - Subcutaneous Male 70-79 Up	GTEx_Tissues_V8_Consensus_Adipose_Subcutaneous_Male_70-79_up
Thyroid Male 70-79 Up	GTEx_Tissues_V8_Consensus_Thyroid_Male_70-79_up
Brain - Spinal Cord (Cervical C-1) Male 70-79 Up	GTEx_Tissues_V8_Consensus_Brain_Spinal_cord_cervical_c_1_Male_70-79_up
Artery - Tibial Male 70-79 Up	GTEx_Tissues_V8_Consensus_Artery_Tibial_Male_70-79_up
Breast - Mammary Tissue Male 70-79 Up	GTEx_Tissues_V8_Consensus_Breast_Mammary_Tissue_Male_70-79_up
Lung Male 70-79 Up	GTEx_Tissues_V8_Consensus_Lung_Male_70-79_up
Heart - Atrial Appendage Male 70-79 Up	GTEx_Tissues_V8_Consensus_Heart_Atrial_Appendage_Male_70-79_up
Heart - Left Ventricle Male 70-79 Up	GTEx_Tissues_V8_Consensus_Heart_Left_Ventricle_Male_70-79_up
Esophagus - Gastroesophageal Junction Male 70-79 Up	GTEx_Tissues_V8_Consensus_Esophagus_Gastroesophageal_Junction_Male_70-79_up
Stomach Male 70-79 Up	GTEx_Tissues_V8_Consensus_Stomach_Male_70-79_up
Testis Male 70-79 Up	GTEx_Tissues_V8_Consensus_Testis_Male_70-79_up
Brain - Frontal Cortex (BA9) Male 40-49 Up	GTEx_Tissues_V8_Consensus_Brain_Frontal_Cortex_BA9_Male_40-49_up
Brain - Cerebellar Hemisphere Male 40-49 Up	GTEx_Tissues_V8_Consensus_Brain_Cerebellar_Hemisphere_Male_40-49_up
Brain - Substantia Nigra Male 40-49 Up	GTEx_Tissues_V8_Consensus_Brain_Substantia_nigra_Male_40-49_up
Brain - Amygdala Male 40-49 Up	GTEx_Tissues_V8_Consensus_Brain_Amygdala_Male_40-49_up
Brain - Hypothalamus Male 40-49 Up	GTEx_Tissues_V8_Consensus_Brain_Hypothalamus_Male_40-49_up
Brain - Spinal Cord (Cervical C-1) Male 40-49 Up	GTEx_Tissues_V8_Consensus_Brain_Spinal_cord_cervical_c_1_Male_40-49_up
Kidney - Cortex Male 40-49 Up	GTEx_Tissues_V8_Consensus_Kidney_Cortex_Male_40-49_up
Brain - Cerebellum Male 70-79 Up	GTEx_Tissues_V8_Consensus_Brain_Cerebellum_Male_70-79_up
Minor Salivary Gland Female 40-49 Up	GTEx_Tissues_V8_Consensus_Minor_Salivary_Gland_Female_40-49_up
Colon - Sigmoid Male 70-79 Up	GTEx_Tissues_V8_Consensus_Colon_Sigmoid_Male_70-79_up
Spleen Female 20-29 Up	GTEx_Tissues_V8_Consensus_Spleen_Female_20-29_up
Minor Salivary Gland Female 20-29 Up	GTEx_Tissues_V8_Consensus_Minor_Salivary_Gland_Female_20-29_up
Kidney - Cortex Male 30-39 Up	GTEx_Tissues_V8_Consensus_Kidney_Cortex_Male_30-39_up
Esophagus - Mucosa Male 70-79 Up	GTEx_Tissues_V8_Consensus_Esophagus_Mucosa_Male_70-79_up
Esophagus - Muscularis Male 70-79 Up	GTEx_Tissues_V8_Consensus_Esophagus_Muscularis_Male_70-79_up
Prostate Male 70-79 Up	GTEx_Tissues_V8_Consensus_Prostate_Male_70-79_up
Small Intestine - Terminal Ileum Male 70-79 Up	GTEx_Tissues_V8_Consensus_Small_Intestine_Terminal_Ileum_Male_70-79_up
Colon - Transverse Male 70-79 Up	GTEx_Tissues_V8_Consensus_Colon_Transverse_Male_70-79_up
Liver Female 40-49 Up	GTEx_Tissues_V8_Consensus_Liver_Female_40-49_up
Artery - Coronary Male 70-79 Up	GTEx_Tissues_V8_Consensus_Artery_Coronary_Male_70-79_up
Artery - Aorta Male 70-79 Up	GTEx_Tissues_V8_Consensus_Artery_Aorta_Male_70-79_up
Liver Male 70-79 Up	GTEx_Tissues_V8_Consensus_Liver_Male_70-79_up
Whole Blood Female 70-79 Up	GTEx_Tissues_V8_Consensus_Whole_Blood_Female_70-79_up
Brain - Hippocampus Female 70-79 Up	GTEx_Tissues_V8_Consensus_Brain_Hippocampus_Female_70-79_up
Brain - Caudate (Basal Ganglia) Female 70-79 Up	GTEx_Tissues_V8_Consensus_Brain_Caudate_basal_ganglia_Female_70-79_up
Brain - Hypothalamus Female 70-79 Up	GTEx_Tissues_V8_Consensus_Brain_Hypothalamus_Female_70-79_up
Skin - Sun Exposed (Lower Leg) Female 70-79 Up	GTEx_Tissues_V8_Consensus_Skin_Sun_Exposed_Lower_leg_Female_70-79_up
Adipose - Subcutaneous Female 70-79 Up	GTEx_Tissues_V8_Consensus_Adipose_Subcutaneous_Female_70-79_up
Nerve - Tibial Female 70-79 Up	GTEx_Tissues_V8_Consensus_Nerve_Tibial_Female_70-79_up
Muscle - Skeletal Female 70-79 Up	GTEx_Tissues_V8_Consensus_Muscle_Skeletal_Female_70-79_up
Breast - Mammary Tissue Female 70-79 Up	GTEx_Tissues_V8_Consensus_Breast_Mammary_Tissue_Female_70-79_up
Lung Female 70-79 Up	GTEx_Tissues_V8_Consensus_Lung_Female_70-79_up
Skin - Not Sun Exposed (Suprapubic) Female 70-79 Up	GTEx_Tissues_V8_Consensus_Skin_Not_Sun_Exposed_Suprapubic_Female_70-79_up
Pituitary Female 70-79 Up	GTEx_Tissues_V8_Consensus_Pituitary_Female_70-79_up
Thyroid Female 70-79 Up	GTEx_Tissues_V8_Consensus_Thyroid_Female_70-79_up
Artery - Aorta Female 70-79 Up	GTEx_Tissues_V8_Consensus_Artery_Aorta_Female_70-79_up
Heart - Atrial Appendage Female 70-79 Up	GTEx_Tissues_V8_Consensus_Heart_Atrial_Appendage_Female_70-79_up
Heart - Left Ventricle Female 70-79 Up	GTEx_Tissues_V8_Consensus_Heart_Left_Ventricle_Female_70-79_up
Adipose - Visceral (Omentum) Female 70-79 Up	GTEx_Tissues_V8_Consensus_Adipose_Visceral_Omentum_Female_70-79_up
Esophagus - Muscularis Female 70-79 Up	GTEx_Tissues_V8_Consensus_Esophagus_Muscularis_Female_70-79_up
Esophagus - Gastroesophageal Junction Female 70-79 Up	GTEx_Tissues_V8_Consensus_Esophagus_Gastroesophageal_Junction_Female_70-79_up
Esophagus - Mucosa Female 70-79 Up	GTEx_Tissues_V8_Consensus_Esophagus_Mucosa_Female_70-79_up
Colon - Sigmoid Female 70-79 Up	GTEx_Tissues_V8_Consensus_Colon_Sigmoid_Female_70-79_up
Artery - Tibial Female 70-79 Up	GTEx_Tissues_V8_Consensus_Artery_Tibial_Female_70-79_up
Cells - Cultured Fibroblasts Female 70-79 Up	GTEx_Tissues_V8_Consensus_Cells_Cultured_fibroblasts_Female_70-79_up
Brain - Nucleus Accumbens (Basal Ganglia) Female 70-79 Up	GTEx_Tissues_V8_Consensus_Brain_Nucleus_accumbens_basal_ganglia_Female_70-79_up
Brain - Cortex Female 70-79 Up	GTEx_Tissues_V8_Consensus_Brain_Cortex_Female_70-79_up
Brain - Cerebellar Hemisphere Female 20-29 Up	GTEx_Tissues_V8_Consensus_Brain_Cerebellar_Hemisphere_Female_20-29_up
Brain - Anterior Cingulate Cortex (BA24) Female 20-29 Up	GTEx_Tissues_V8_Consensus_Brain_Anterior_cingulate_cortex_BA24_Female_20-29_up
Brain - Caudate (Basal Ganglia) Female 20-29 Up	GTEx_Tissues_V8_Consensus_Brain_Caudate_basal_ganglia_Female_20-29_up
Brain - Nucleus Accumbens (Basal Ganglia) Female 20-29 Up	GTEx_Tissues_V8_Consensus_Brain_Nucleus_accumbens_basal_ganglia_Female_20-29_up
Liver Female 20-29 Up	GTEx_Tissues_V8_Consensus_Liver_Female_20-29_up
Brain - Cortex Female 20-29 Up	GTEx_Tissues_V8_Consensus_Brain_Cortex_Female_20-29_up
Pituitary Female 20-29 Up	GTEx_Tissues_V8_Consensus_Pituitary_Female_20-29_up
Brain - Amygdala Female 40-49 Up	GTEx_Tissues_V8_Consensus_Brain_Amygdala_Female_40-49_up
Ovary Female 70-79 Up	GTEx_Tissues_V8_Consensus_Ovary_Female_70-79_up
Vagina Female 70-79 Up	GTEx_Tissues_V8_Consensus_Vagina_Female_70-79_up
Spleen Male 70-79 Up	GTEx_Tissues_V8_Consensus_Spleen_Male_70-79_up
Brain - Hippocampus Male 30-39 Up	GTEx_Tissues_V8_Consensus_Brain_Hippocampus_Male_30-39_up
Brain - Anterior Cingulate Cortex (BA24) Male 30-39 Up	GTEx_Tissues_V8_Consensus_Brain_Anterior_cingulate_cortex_BA24_Male_30-39_up
Brain - Caudate (Basal Ganglia) Male 30-39 Up	GTEx_Tissues_V8_Consensus_Brain_Caudate_basal_ganglia_Male_30-39_up
Brain - Nucleus Accumbens (Basal Ganglia) Male 30-39 Up	GTEx_Tissues_V8_Consensus_Brain_Nucleus_accumbens_basal_ganglia_Male_30-39_up
Brain - Putamen (Basal Ganglia) Male 30-39 Up	GTEx_Tissues_V8_Consensus_Brain_Putamen_basal_ganglia_Male_30-39_up
Kidney - Cortex Male 70-79 Up	GTEx_Tissues_V8_Consensus_Kidney_Cortex_Male_70-79_up
Brain - Cerebellum Female 30-39 Up	GTEx_Tissues_V8_Consensus_Brain_Cerebellum_Female_30-39_up
Minor Salivary Gland Female 50-59 Up	GTEx_Tissues_V8_Consensus_Minor_Salivary_Gland_Female_50-59_up
Adrenal Gland Male 70-79 Up	GTEx_Tissues_V8_Consensus_Adrenal_Gland_Male_70-79_up
Pancreas Male 70-79 Up	GTEx_Tissues_V8_Consensus_Pancreas_Male_70-79_up
Liver Female 30-39 Up	GTEx_Tissues_V8_Consensus_Liver_Female_30-39_up
Fallopian Tube Female 50-59 Up	GTEx_Tissues_V8_Consensus_Fallopian_Tube_Female_50-59_up
Bladder Male 40-49 Up	GTEx_Tissues_V8_Consensus_Bladder_Male_40-49_up
Cervix - Ectocervix Female 40-49 Up	GTEx_Tissues_V8_Consensus_Cervix_Ectocervix_Female_40-49_up
Cervix - Endocervix Female 40-49 Up	GTEx_Tissues_V8_Consensus_Cervix_Endocervix_Female_40-49_up
Bladder Male 50-59 Up	GTEx_Tissues_V8_Consensus_Bladder_Male_50-59_up
Brain - Substantia Nigra Male 20-29 Up	GTEx_Tissues_V8_Consensus_Brain_Substantia_nigra_Male_20-29_up
Brain - Amygdala Male 20-29 Up	GTEx_Tissues_V8_Consensus_Brain_Amygdala_Male_20-29_up
Brain - Hypothalamus Male 20-29 Up	GTEx_Tissues_V8_Consensus_Brain_Hypothalamus_Male_20-29_up
Fallopian Tube Female 40-49 Up	GTEx_Tissues_V8_Consensus_Fallopian_Tube_Female_40-49_up
Bladder Female 40-49 Up	GTEx_Tissues_V8_Consensus_Bladder_Female_40-49_up
