task_id	model_id	partition_id	enabled	dig_identifier	gmt_filename	sha256	output_relative_path
gaultonlab_heart_hz1	HZ1	heart	true	external_precomputed_import	heart_combined_signal_sets.gmt	557de8f55feca66e4e33c6b12c570023e6ce9b11f4f31eb1a5eb6c9f28c7d250	genesets/heart/models/HZ1/extractor/genesets.gmt
gaultonlab_heart_hz2	HZ2	heart	true	external_precomputed_import	heart_incoming_receptor_sets.gmt	04f7b098ccc308a8b81b928298728457da210900d097f39ffd5a53f375041a35	genesets/heart/models/HZ2/extractor/genesets.gmt
gaultonlab_heart_hz3	HZ3	heart	true	external_precomputed_import	heart_outgoing_ligand_sets.gmt	7dd79e606137420fc23c90e32d8664af6e2ec013da2ef7fd95804a13edf29e06	genesets/heart/models/HZ3/extractor/genesets.gmt
gaultonlab_liver_hz1	HZ1	liver	true	external_precomputed_import	liver_combined_signal_sets.gmt	8ce161ea8a7e6412392a10bec476d053c6732f85a16e5e85ce33f8d93062f3f6	genesets/liver/models/HZ1/extractor/genesets.gmt
gaultonlab_liver_hz2	HZ2	liver	true	external_precomputed_import	liver_incoming_receptor_sets.gmt	851b4e9f9bcafa251796d0196d4a1955a7dc32de3ac000471aa466a6990b54d9	genesets/liver/models/HZ2/extractor/genesets.gmt
gaultonlab_liver_hz3	HZ3	liver	true	external_precomputed_import	liver_outgoing_ligand_sets.gmt	ff9f6389f054508fd388186c6865c2683d29adfed83d8f8248c5447f5291470b	genesets/liver/models/HZ3/extractor/genesets.gmt
gaultonlab_lung_hz1	HZ1	lung	true	external_precomputed_import	lung_combined_signal_sets.gmt	0e08662aeca43c5b3b8cd52bef4fd665d100ca48da1331a05f572323c9e4bf69	genesets/lung/models/HZ1/extractor/genesets.gmt
gaultonlab_lung_hz2	HZ2	lung	true	external_precomputed_import	lung_incoming_receptor_sets.gmt	9ea5429578eaa618b470b406b303bb01c4e6ec516902200823bf4c057dbb5c4e	genesets/lung/models/HZ2/extractor/genesets.gmt
gaultonlab_lung_hz3	HZ3	lung	true	external_precomputed_import	lung_outgoing_ligand_sets.gmt	58e09ac127a5c8727034896adaaa3d01c97ff2bf870ba4b48a39cc380f51a5b9	genesets/lung/models/HZ3/extractor/genesets.gmt
gaultonlab_spleen_hz1	HZ1	spleen	true	external_precomputed_import	spleen_combined_signal_sets.gmt	725c07357578182172e9ad0437574fe8e4dddfe0ea31c14c0b686e3302841322	genesets/spleen/models/HZ1/extractor/genesets.gmt
gaultonlab_spleen_hz2	HZ2	spleen	true	external_precomputed_import	spleen_incoming_receptor_sets.gmt	b572362b30c5562439b5d7649b1bcc601fd31108a01030a5431f34576e2bad0c	genesets/spleen/models/HZ2/extractor/genesets.gmt
gaultonlab_spleen_hz3	HZ3	spleen	true	external_precomputed_import	spleen_outgoing_ligand_sets.gmt	bb661f41917b686e753e79c7dc4ee39928c84292247680b6ab098a96f4994239	genesets/spleen/models/HZ3/extractor/genesets.gmt
